{
  "LinearRegression": {
    "rmse": 33961612011.61378,
    "mae": 112834.24818784947
  },
  "RandomForestRegressor": {
    "rmse": 27343372897.39475,
    "mae": 89226.13338424596
  }
}